{
    "java.debugger.launch.projectName.description": "调试器搜索类名时的首选工程。不同工程中可能存在重复的类名。当调试器在启动应用程序时查找指定的主类，此设置也有效。当使用表达式求值功能时，需要此配置项。",
    "java.debugger.launch.mainClass.description": "主类的全名（例如[java module name /] com.xyz.MainApp）或主类对应的java文件路径。",
    "java.debugger.launch.args.description": "启动应用程序的命令行参数。",
    "java.debugger.launch.vmArgs.description": "用于启动JVM的额外选项和系统属性（例如-Xms <size> -Xmx <size> -D <name> = <value>）。",
    "java.debugger.launch.modulePaths.description": "用于启动JVM的模块路径。如果未指定，调试器将自动从当前工程中解析。",
    "java.debugger.launch.classPaths.description": "用于启动JVM的类路径。如果未指定，调试器将自动从当前工程中解析。",
    "java.debugger.launch.sourcePaths.description": "应用程序的额外源代码目录。调试器默认从工程配置中查找源代码。此选项允许调试器在额外目录中查找源代码。",
    "java.debugger.launch.encoding.description": "JVM的file.encoding设置。如果未指定，将使用“UTF-8”。可以在http://docs.oracle.com/javase/8/docs/technotes/guides/intl/encoding.doc.html中找到可能的值。",
    "java.debugger.launch.cwd.description": "应用程序的工作目录。默认为当前工作空间根目录。",
    "java.debugger.launch.env.description": "启动应用程序时自定义的环境变量。",
    "java.debugger.launch.stopOnEntry.description": "启动后自动暂停应用程序。",
    "java.debugger.launch.internalConsole.description": "VS Code调试控制台（不支持输入流）。",
    "java.debugger.launch.integratedTerminal.description": "VS Code集成终端。",
    "java.debugger.launch.externalTerminal.description": "外部终端（可在用户设置中修改）。",
    "java.debugger.launch.console.description": "用于启动应用程序的控制台。",
    "java.debugger.launch.stepFilters.description": "Step时跳过指定的类或方法。",
    "java.debugger.launch.classNameFilters.description": "Step时跳过指定的类。仅支持全名，以及通配符。",
    "java.debugger.launch.skipSynthetics.description": "Step时跳过合成方法。",
    "java.debugger.launch.skipStaticInitializers.description": "Step时跳过静态初始化方法。",
    "java.debugger.launch.skipConstructors.description": "Step时跳过构造函数。",
    "java.debugger.attach.hostName.description": "远程调试进程所在的主机名或IP地址。",
    "java.debugger.attach.port.description": "远程调试进程的调试端口。",
    "java.debugger.attach.timeout.description": "重新连接前的超时值，以毫秒为单位（默认为30000ms）。",
    "java.debugger.attach.projectName.description": "调试器搜索类的首选工程。不同工程中可能存在重复的类名。",
    "java.debugger.snippet.launch.description": "启动java程序。",
    "java.debugger.snippet.launchInExternalTerminal.description": "在外部终端中启动java程序。",
    "java.debugger.snippet.launchCurrentFile.description": "启动当前java文件中的程序。",
    "java.debugger.snippet.launchWithArgumentsPrompt.description": "启动java程序时动态提示命令行参数。",
    "java.debugger.snippet.attach.description": "附加到正在运行的java程序。",
    "java.debugger.snippet.attachRemote.description": "附加到远程java程序。",
    "java.debugger.configuration.title": "Java调试器",
    "java.debugger.configuration.logLevel.description": "Java调试器的日志级别。",
    "java.debugger.configuration.showHex.description": "在“变量”视图中以十六进制格式显示数值。",
    "java.debugger.configuration.showStaticVariables.description": "在“变量”视图中显示静态变量。",
    "java.debugger.configuration.showQualifiedNames.description": "在“变量”视图中显示类的全名。",
    "java.debugger.configuration.maxStringLength.description": "设定“变量”或“调试控制台”视图中显示的字符串最大长度，长度超过部分将被剪掉。如果值为0，则不执行修剪。",
    "java.debugger.configuration.enableHotCodeReplace.description": "为Java代码启用热代码替换。",
    "java.debugger.configuration.enableRunDebugCodeLens.description": "在main方法上启用CodeLens标记。",
    "java.debugger.configuration.forceBuildBeforeLaunch": "在启动java程序之前强制编译整个工作空间。"
}